,name,model,seed,weights,filtered,embed_dim,lamda,wandb_group,wandb_project,NINO_ds_acc,NIFO_ds_acc,NI_h2h,NO_h2h,test_triplet_acc,test_clf_acc,test_1nn_acc,rNINO_ds_acc,align,noise
153,MTL0.8,MTL,2,"[0, 1, 0, 0]",False,512,0.8,align=0.62_p=0.8,wv_3d_linear_noisy,0.9020100235939026,0.876884400844574,0.5134003350083752,0.3061139028475712,0.4894999861717224,0.9924623370170592,0.9899497487437184,0.9045225977897644,0.62,0.8
156,MTL0.5,MTL,2,"[0, 1, 0, 0]",False,512,0.5,align=0.62_p=0.8,wv_3d_linear_noisy,0.909547746181488,0.8969849348068237,0.4342546063651591,0.34882747068676717,0.4941666722297669,0.9899497628211976,0.9874371859296482,0.91206032037735,0.62,0.8
160,MTL0.2,MTL,2,"[0, 1, 0, 0]",False,512,0.2,align=0.62_p=0.8,wv_3d_linear_noisy,0.9346733689308168,0.8090452551841736,0.3915410385259632,0.30150753768844224,0.515999972820282,0.9070351719856262,0.9623115577889448,0.9371859431266784,0.62,0.8
161,TN,TN,2,"[0, 1, 0, 0]",False,512,0.0,align=0.62_p=0.8,wv_3d_linear_noisy,0.8919597864151001,0.8542713522911072,0.4296482412060301,0.41541038525963153,0.5288333296775818,0.4974874258041382,0.9095477386934674,0.8919597864151001,0.62,0.8
176,MTL0.8,MTL,2,"[0, 1, 0, 0]",True,512,0.8,align=0.62_p=0.8,wv_3d_linear_noisy,0.8417085409164429,0.8994975090026855,0.435929648241206,0.5900335008375209,0.672783613204956,0.9899497628211976,0.9899497487437184,0.8417085409164429,0.62,0.8
180,MTL0.5,MTL,2,"[0, 1, 0, 0]",False,512,0.5,align=0.62_p=0.7,wv_3d_linear_noisy,0.8994975090026855,0.8793969750404358,0.4690117252931323,0.38819095477386933,0.49666666984558105,0.9924623370170592,0.992462311557789,0.8994975090026855,0.62,0.7
182,TN,TN,2,"[0, 1, 0, 0]",True,512,0.0,align=0.62_p=0.8,wv_3d_linear_noisy,0.9221105575561525,0.9170854091644288,0.5104690117252931,0.29564489112227804,0.6692087650299072,0.49246230721473694,0.9874371859296482,0.9221105575561525,0.62,0.8
183,MTL0.5,MTL,2,"[0, 1, 0, 0]",True,512,0.5,align=0.62_p=0.8,wv_3d_linear_noisy,0.8869346976280212,0.9045225977897644,0.49036850921273034,0.6507537688442211,0.6763584613800049,0.9949748516082764,0.9949748743718592,0.8869346976280212,0.62,0.8
184,MTL0.8,MTL,1,"[0, 1, 0, 0]",False,512,0.8,align=0.62_p=0.8,wv_3d_linear_noisy,0.9145728349685668,0.876884400844574,0.5033500837520938,0.32914572864321606,0.4901666641235352,0.9874371886253356,0.9899497487437184,0.91206032037735,0.62,0.8
191,TN,TN,1,"[0, 1, 0, 0]",False,512,0.0,align=0.62_p=0.8,wv_3d_linear_noisy,0.8894472122192383,0.8693467378616333,0.3840033500837521,0.407035175879397,0.5180000066757202,0.5025125741958618,0.8919597989949749,0.8894472122192383,0.62,0.8
192,MTL0.5,MTL,1,"[0, 1, 0, 0]",False,512,0.5,align=0.62_p=0.8,wv_3d_linear_noisy,0.947236180305481,0.9020100235939026,0.5326633165829145,0.28643216080402006,0.5044999718666077,0.9899497628211976,0.992462311557789,0.947236180305481,0.62,0.8
194,MTL0.2,MTL,1,"[0, 1, 0, 0]",False,512,0.2,align=0.62_p=0.8,wv_3d_linear_noisy,0.9321607947349548,0.8944723606109619,0.5004187604690117,0.32747068676716923,0.5276666879653931,0.8994975090026855,0.9723618090452262,0.9371859431266784,0.62,0.8
199,MTL0.8,MTL,2,"[0, 1, 0, 0]",False,512,0.8,align=0.62_p=0.7,wv_3d_linear_noisy,0.8994975090026855,0.9070351719856262,0.5108877721943048,0.35678391959799,0.4846666753292084,0.9899497628211976,0.9899497487437184,0.8994975090026855,0.62,0.7
201,TN,TN,2,"[0, 1, 0, 0]",False,512,0.0,align=0.62_p=0.7,wv_3d_linear_noisy,0.8869346976280212,0.7763819098472595,0.3680904522613065,0.3513400335008375,0.5096666812896729,0.4974874258041382,0.9020100502512562,0.8869346976280212,0.62,0.7
203,MTL0.8,MTL,1,"[0, 1, 0, 0]",True,512,0.8,align=0.62_p=0.8,wv_3d_linear_noisy,0.927135705947876,0.8894472122192383,0.4874371859296482,0.28015075376884424,0.6684938073158264,0.982412040233612,0.984924623115578,0.927135705947876,0.62,0.8
204,TN,TN,1,"[0, 1, 0, 0]",True,512,0.0,align=0.62_p=0.8,wv_3d_linear_noisy,0.982412040233612,0.8618090748786926,0.5012562814070353,0.18969849246231155,0.6563394069671631,0.5025125741958618,0.992462311557789,0.982412040233612,0.62,0.8
205,MTL0.2,MTL,2,"[0, 1, 0, 0]",True,512,0.2,align=0.62_p=0.8,wv_3d_linear_noisy,0.8944723606109619,0.9020100235939026,0.4438860971524288,0.46817420435510887,0.6596758961677551,0.982412040233612,0.9824120603015076,0.8944723606109619,0.62,0.8
207,MTL0.2,MTL,2,"[0, 1, 0, 0]",False,512,0.2,align=0.62_p=0.7,wv_3d_linear_noisy,0.9246231317520142,0.8693467378616333,0.4183417085427135,0.34757118927973196,0.5111666321754456,0.9246231317520142,0.9673366834170856,0.9195979833602904,0.62,0.7
208,MTL0.5,MTL,1,"[0, 1, 0, 0]",True,512,0.5,align=0.62_p=0.8,wv_3d_linear_noisy,0.8793969750404358,0.8241205811500549,0.4694304857621441,0.5908710217755444,0.6734985709190369,0.982412040233612,0.984924623115578,0.8793969750404358,0.62,0.8
209,MTL0.5,MTL,1,"[0, 1, 0, 0]",False,512,0.5,align=0.62_p=0.7,wv_3d_linear_noisy,0.9447236061096193,0.8643215894699097,0.461892797319933,0.2989949748743719,0.4869999885559082,0.9899497628211976,0.992462311557789,0.947236180305481,0.62,0.7
212,MTL0.8,MTL,2,"[0, 1, 0, 0]",False,512,0.8,align=0.62_p=0.6,wv_3d_linear_noisy,0.91206032037735,0.909547746181488,0.533500837520938,0.3898659966499163,0.4925000071525574,0.9899497628211976,0.984924623115578,0.91206032037735,0.62,0.6
213,TN,TN,2,"[0, 1, 0, 0]",False,512,0.0,align=0.62_p=0.6,wv_3d_linear_noisy,0.8216080665588379,0.8919597864151001,0.5087939698492462,0.5556951423785595,0.49549999833106995,0.4974874258041382,0.9321608040201004,0.8216080665588379,0.62,0.6
214,MTL0.8,MTL,0,"[0, 1, 0, 0]",False,512,0.8,align=0.62_p=0.8,wv_3d_linear_noisy,0.9346733689308168,0.8793969750404358,0.48576214405360135,0.2943886097152429,0.5005000233650208,0.9874371886253356,0.9874371859296482,0.9346733689308168,0.62,0.8
215,TN,TN,0,"[0, 1, 0, 0]",False,512,0.0,align=0.62_p=0.8,wv_3d_linear_noisy,0.9145728349685668,0.8241205811500549,0.41876046901172526,0.3517587939698492,0.5324999690055847,0.5025125741958618,0.9020100502512562,0.9145728349685668,0.62,0.8
216,TN,TN,2,"[0, 1, 0, 0]",True,512,0.0,align=0.62_p=0.7,wv_3d_linear_noisy,0.9045225977897644,0.8994975090026855,0.48785594639866,0.4510050251256281,0.6592244505882263,0.4648241102695465,0.992462311557789,0.9045225977897644,0.62,0.7
217,MTL0.8,MTL,1,"[0, 1, 0, 0]",False,512,0.8,align=0.62_p=0.7,wv_3d_linear_noisy,0.9321607947349548,0.8969849348068237,0.5067001675041877,0.3287269681742044,0.476833313703537,0.982412040233612,0.984924623115578,0.929648220539093,0.62,0.7
218,MTL0.8,MTL,2,"[0, 1, 0, 0]",True,512,0.8,align=0.62_p=0.7,wv_3d_linear_noisy,0.7763819098472595,0.8844221234321594,0.4564489112227806,0.5766331658291458,0.6467685103416443,0.9773869514465332,0.9899497487437184,0.7763819098472595,0.62,0.7
219,TN,TN,1,"[0, 1, 0, 0]",False,512,0.0,align=0.62_p=0.7,wv_3d_linear_noisy,0.8618090748786926,0.7713567614555359,0.3324958123953099,0.41876046901172526,0.515333354473114,0.5025125741958618,0.8592964824120602,0.8618090748786926,0.62,0.7
220,MTL0.5,MTL,2,"[0, 1, 0, 0]",True,512,0.5,align=0.62_p=0.7,wv_3d_linear_noisy,0.9346733689308168,0.8894472122192383,0.44639865996649913,0.2646566164154104,0.668860137462616,0.979899525642395,0.9798994974874372,0.9346733689308168,0.62,0.7
221,MTL0.5,MTL,0,"[0, 1, 0, 0]",False,512,0.5,align=0.62_p=0.8,wv_3d_linear_noisy,0.8944723606109619,0.8618090748786926,0.4401172529313233,0.3312395309882747,0.5211666822433472,0.9648241400718688,0.9798994974874372,0.8944723606109619,0.62,0.8
222,MTL0.5,MTL,2,"[0, 1, 0, 0]",False,512,0.5,align=0.62_p=0.6,wv_3d_linear_noisy,0.8844221234321594,0.8693467378616333,0.4849246231155779,0.402428810720268,0.48666664958000183,0.9773869514465332,0.9824120603015076,0.8844221234321594,0.62,0.6
223,MTL0.2,MTL,1,"[0, 1, 0, 0]",True,512,0.2,align=0.62_p=0.8,wv_3d_linear_noisy,0.929648220539093,0.8542713522911072,0.45142378559463986,0.3714405360134003,0.6758818030357361,0.984924614429474,0.992462311557789,0.929648220539093,0.62,0.8
224,MTL0.2,MTL,2,"[0, 1, 0, 0]",True,512,0.2,align=0.62_p=0.7,wv_3d_linear_noisy,0.929648220539093,0.8693467378616333,0.4811557788944724,0.4057788944723619,0.6620446443557739,0.9874371886253356,0.984924623115578,0.9346733689308168,0.62,0.7
225,MTL0.2,MTL,2,"[0, 1, 0, 0]",False,512,0.2,align=0.62_p=0.6,wv_3d_linear_noisy,0.9045225977897644,0.8618090748786926,0.3655778894472362,0.3341708542713568,0.4986666738986969,0.9321607947349548,0.9748743718592964,0.9020100235939026,0.62,0.6
226,MTL0.2,MTL,0,"[0, 1, 0, 0]",False,512,0.2,align=0.62_p=0.8,wv_3d_linear_noisy,0.929648220539093,0.8065326809883118,0.33919597989949746,0.39949748743718594,0.5214999914169312,0.8140703439712524,0.9472361809045228,0.9246231317520142,0.62,0.8
227,TN,TN,0,"[0, 1, 0, 0]",True,512,0.0,align=0.62_p=0.8,wv_3d_linear_noisy,0.9070351719856262,0.8266331553459167,0.4727805695142379,0.3718592964824121,0.6391801834106445,0.5025125741958618,0.9824120603015076,0.9070351719856262,0.62,0.8
228,MTL0.8,MTL,0,"[0, 1, 0, 0]",True,512,0.8,align=0.62_p=0.8,wv_3d_linear_noisy,0.9396985173225404,0.8492462038993835,0.4857621440536013,0.44974874371859297,0.6746901869773865,0.9874371886253356,0.9899497487437184,0.9396985173225404,0.62,0.8
229,MTL0.2,MTL,1,"[0, 1, 0, 0]",False,512,0.2,align=0.62_p=0.7,wv_3d_linear_noisy,0.947236180305481,0.856783926486969,0.4175041876046901,0.29229480737018426,0.49683332443237305,0.9597989916801452,0.9748743718592964,0.9447236061096193,0.62,0.7
230,MTL0.8,MTL,2,"[0, 1, 0, 0]",False,512,0.8,align=0.62_p=0.5,wv_3d_linear_noisy,0.7462311387062073,0.9371859431266784,0.5724455611390286,0.7617252931323284,0.4931666553020478,0.9773869514465332,0.9824120603015076,0.7462311387062073,0.62,0.5
231,MTL0.5,MTL,0,"[0, 1, 0, 0]",True,512,0.5,align=0.62_p=0.8,wv_3d_linear_noisy,0.9547738432884216,0.8216080665588379,0.4614740368509213,0.22152428810720268,0.6804099082946777,0.9874371886253356,0.984924623115578,0.9547738432884216,0.62,0.8
232,TN,TN,2,"[0, 1, 0, 0]",False,512,0.0,align=0.62_p=0.5,wv_3d_linear_noisy,0.8869346976280212,0.9522613286972046,0.579145728643216,0.5448073701842546,0.4944999814033508,0.4974874258041382,0.9623115577889448,0.8869346976280212,0.62,0.5
233,MTL0.5,MTL,2,"[0, 1, 0, 0]",False,512,0.5,align=0.62_p=0.5,wv_3d_linear_noisy,0.7738693356513977,0.9346733689308168,0.5221943048576215,0.6721105527638191,0.4996666610240936,0.984924614429474,0.9899497487437184,0.7738693356513977,0.62,0.5
234,TN,TN,1,"[0, 1, 0, 0]",True,512,0.0,align=0.62_p=0.7,wv_3d_linear_noisy,0.9346733689308168,0.8492462038993835,0.4275544388609715,0.2701005025125628,0.671445369720459,0.5025125741958618,0.9824120603015076,0.9346733689308168,0.62,0.7
235,MTL0.2,MTL,0,"[0, 1, 0, 0]",True,512,0.2,align=0.62_p=0.8,wv_3d_linear_noisy,0.8969849348068237,0.8618090748786926,0.4748743718592965,0.4501675041876047,0.6723069548606873,0.984924614429474,0.9874371859296482,0.8969849348068237,0.62,0.8
236,MTL0.8,MTL,0,"[0, 1, 0, 0]",False,512,0.8,align=0.62_p=0.7,wv_3d_linear_noisy,0.929648220539093,0.8266331553459167,0.4539363484087102,0.2998324958123953,0.48766666650772095,0.9924623370170592,0.9949748743718592,0.927135705947876,0.62,0.7
237,TN,TN,0,"[0, 1, 0, 0]",False,512,0.0,align=0.62_p=0.7,wv_3d_linear_noisy,0.8190954923629761,0.7688442468643188,0.3626465661641541,0.42462311557788945,0.5099999904632568,0.5025125741958618,0.8693467336683417,0.8190954923629761,0.62,0.7
238,MTL0.2,MTL,2,"[0, 1, 0, 0]",True,512,0.2,align=0.62_p=0.6,wv_3d_linear_noisy,0.8366833925247192,0.8618090748786926,0.5201005025125628,0.6729480737018424,0.6699205636978149,0.9899497628211976,0.9874371859296482,0.8417085409164429,0.62,0.6
239,MTL0.8,MTL,1,"[0, 1, 0, 0]",True,512,0.8,align=0.62_p=0.7,wv_3d_linear_noisy,0.91206032037735,0.8618090748786926,0.4773869346733669,0.6147403685092127,0.6648648381233215,0.982412040233612,0.9824120603015076,0.91206032037735,0.62,0.7
240,TN,TN,2,"[0, 1, 0, 0]",True,512,0.0,align=0.62_p=0.6,wv_3d_linear_noisy,0.909547746181488,0.8844221234321594,0.5083752093802345,0.5142378559463986,0.6717366576194763,0.18592964112758636,0.9899497487437184,0.909547746181488,0.62,0.6
241,TN,TN,1,"[0, 1, 0, 0]",False,512,0.0,align=0.62_p=0.6,wv_3d_linear_noisy,0.9045225977897644,0.7989949584007263,0.39447236180904527,0.4639865996649916,0.4938333332538605,0.5025125741958618,0.8919597989949749,0.9045225977897644,0.62,0.6
242,MTL0.5,MTL,1,"[0, 1, 0, 0]",True,512,0.5,align=0.62_p=0.7,wv_3d_linear_noisy,0.9698492288589478,0.8542713522911072,0.4824120603015076,0.2520938023450586,0.6756756901741028,0.9899497628211976,0.9899497487437184,0.9698492288589478,0.62,0.7
243,MTL0.5,MTL,0,"[0, 1, 0, 0]",False,512,0.5,align=0.62_p=0.7,wv_3d_linear_noisy,0.9321607947349548,0.8366833925247192,0.4011725293132328,0.32160804020100503,0.4900000095367432,0.982412040233612,0.984924623115578,0.929648220539093,0.62,0.7
244,MTL0.2,MTL,1,"[0, 1, 0, 0]",True,512,0.2,align=0.62_p=0.7,wv_3d_linear_noisy,0.8542713522911072,0.8341708779335022,0.47696817420435506,0.34212730318257956,0.6625146865844727,0.9773869514465332,0.984924623115578,0.8517587780952454,0.62,0.7
245,MTL0.8,MTL,1,"[0, 1, 0, 0]",False,512,0.8,align=0.62_p=0.6,wv_3d_linear_noisy,0.9045225977897644,0.9045225977897644,0.5339195979899497,0.37269681742043553,0.49399998784065247,0.9874371886253356,0.984924623115578,0.9045225977897644,0.62,0.6
246,MTL0.8,MTL,2,"[0, 1, 0, 0]",False,512,0.8,align=0.62_p=0.4,wv_3d_linear_noisy,0.7939698696136475,0.9773869514465332,0.588358458961474,0.685929648241206,0.543666660785675,0.984924614429474,0.9874371859296482,0.7914572954177856,0.62,0.4
247,MTL0.2,MTL,2,"[0, 1, 0, 0]",False,512,0.2,align=0.62_p=0.4,wv_3d_linear_noisy,0.733668327331543,0.9572864174842834,0.6545226130653267,0.8400335008375208,0.5523333549499512,0.9572864174842834,0.9824120603015076,0.7236180901527405,0.62,0.4
248,MTL0.5,MTL,2,"[0, 1, 0, 0]",False,512,0.5,align=0.62_p=0.4,wv_3d_linear_noisy,0.8165829181671143,0.9899497628211976,0.5992462311557789,0.6989112227805695,0.5385000109672546,0.9899497628211976,0.9949748743718592,0.8165829181671143,0.62,0.4
249,MTL0.2,MTL,0,"[0, 1, 0, 0]",False,512,0.2,align=0.62_p=0.7,wv_3d_linear_noisy,0.9522613286972046,0.8894472122192383,0.4476549413735343,0.37185929648241206,0.5090000033378601,0.9070351719856262,0.9824120603015076,0.9447236061096193,0.62,0.7
250,MTL0.5,MTL,2,"[0, 1, 0, 0]",True,512,0.5,align=0.62_p=0.5,wv_3d_linear_noisy,0.9497487545013428,0.9145728349685668,0.4853433835845896,0.49371859296482407,0.658449113368988,0.9899497628211976,0.9773869346733668,0.9422110319137572,0.62,0.5
251,MTL0.2,MTL,2,"[0, 1, 0, 0]",True,512,0.2,align=0.62_p=0.5,wv_3d_linear_noisy,0.8015075325965881,0.9045225977897644,0.49120603015075376,0.7085427135678392,0.6488121747970581,0.9597989916801452,0.9798994974874372,0.7914572954177856,0.62,0.5
252,MTL0.5,MTL,1,"[0, 1, 0, 0]",False,512,0.5,align=0.62_p=0.6,wv_3d_linear_noisy,0.8517587780952454,0.8969849348068237,0.48199329983249584,0.4719430485762144,0.48649999499320984,0.9874371886253356,0.9899497487437184,0.8542713522911072,0.62,0.6
253,MTL0.2,MTL,1,"[0, 1, 0, 0]",False,512,0.2,align=0.62_p=0.6,wv_3d_linear_noisy,0.927135705947876,0.856783926486969,0.3986599664991625,0.35343383584589616,0.5066666603088379,0.9422110319137572,0.9723618090452262,0.9221105575561525,0.62,0.6
254,MTL0.5,MTL,2,"[0, 1, 0, 0]",True,512,0.5,align=0.62_p=0.6,wv_3d_linear_noisy,0.8341708779335022,0.8216080665588379,0.48283082077051925,0.6649916247906198,0.6719636917114258,0.9874371886253356,0.9874371859296482,0.8341708779335022,0.62,0.6
255,MTL0.8,MTL,2,"[0, 1, 0, 0]",True,512,0.8,align=0.62_p=0.6,wv_3d_linear_noisy,0.9623115658760072,0.8869346976280212,0.4970686767169179,0.2244556113902848,0.6715096235275269,0.982412040233612,0.9874371859296482,0.9572864174842834,0.62,0.6
256,TN,TN,0,"[0, 1, 0, 0]",True,512,0.0,align=0.62_p=0.7,wv_3d_linear_noisy,0.876884400844574,0.856783926486969,0.4652428810720268,0.5967336683417086,0.665804922580719,0.5025125741958618,0.992462311557789,0.876884400844574,0.62,0.7
257,TN,TN,2,"[0, 1, 0, 0]",False,512,0.0,align=0.62_p=0.4,wv_3d_linear_noisy,0.7185929417610168,0.982412040233612,0.6821608040201005,0.8848408710217756,0.5698333382606506,0.4974874258041382,0.9824120603015076,0.7185929417610168,0.62,0.4
258,MTL0.2,MTL,2,"[0, 1, 0, 0]",False,512,0.2,align=0.62_p=0.5,wv_3d_linear_noisy,0.7211055159568787,0.947236180305481,0.5171691792294807,0.7458123953098826,0.4984999895095825,0.9648241400718688,0.9824120603015076,0.7060301303863525,0.62,0.5
259,MTL0.8,MTL,2,"[0, 1, 0, 0]",True,512,0.8,align=0.62_p=0.4,wv_3d_linear_noisy,0.9698492288589478,0.982412040233612,0.5971524288107203,0.2156616415410385,0.7027674913406372,0.982412040233612,0.984924623115578,0.9698492288589478,0.62,0.4
260,TN,TN,1,"[0, 1, 0, 0]",False,512,0.0,align=0.62_p=0.5,wv_3d_linear_noisy,0.876884400844574,0.9045225977897644,0.4652428810720268,0.5820770519262982,0.5048333406448364,0.5025125741958618,0.942211055276382,0.876884400844574,0.62,0.5
261,MTL0.2,MTL,1,"[0, 1, 0, 0]",True,512,0.2,align=0.62_p=0.6,wv_3d_linear_noisy,0.8517587780952454,0.8994975090026855,0.5188442211055276,0.6725293132328308,0.6746878623962402,0.9899497628211976,0.984924623115578,0.8517587780952454,0.62,0.6
262,MTL0.8,MTL,1,"[0, 1, 0, 0]",False,512,0.8,align=0.62_p=0.5,wv_3d_linear_noisy,0.8266331553459167,0.9371859431266784,0.5477386934673367,0.5854271356783919,0.5018333196640015,0.9924623370170592,0.9824120603015076,0.8316583037376404,0.62,0.5
263,TN,TN,1,"[0, 1, 0, 0]",True,512,0.0,align=0.62_p=0.6,wv_3d_linear_noisy,0.91206032037735,0.8844221234321594,0.5213567839195979,0.30108877721943045,0.6431328058242798,0.5025125741958618,0.9824120603015076,0.91206032037735,0.62,0.6
264,MTL0.5,MTL,1,"[0, 1, 0, 0]",False,512,0.5,align=0.62_p=0.5,wv_3d_linear_noisy,0.8668341636657715,0.927135705947876,0.4907872696817421,0.5301507537688442,0.5040000081062317,0.9773869514465332,0.9949748743718592,0.8618090748786926,0.62,0.5
265,MTL0.8,MTL,0,"[0, 1, 0, 0]",True,512,0.8,align=0.62_p=0.7,wv_3d_linear_noisy,0.8718593120574951,0.8819095492362976,0.4782244556113903,0.5276381909547738,0.6787309050559998,0.9949748516082764,0.992462311557789,0.8743718862533569,0.62,0.7
266,MTL0.8,MTL,2,"[0, 1, 0, 0]",True,512,0.8,align=0.62_p=0.5,wv_3d_linear_noisy,0.8115577697753906,0.9145728349685668,0.5276381909547738,0.6293969849246231,0.6658449172973633,0.979899525642395,0.9874371859296482,0.8140703439712524,0.62,0.5
267,TN,TN,2,"[0, 1, 0, 0]",True,512,0.0,align=0.62_p=0.4,wv_3d_linear_noisy,0.9020100235939026,0.984924614429474,0.6453098827470686,0.5393634840871022,0.7086511254310608,0.6030150651931763,0.9949748743718592,0.9020100235939026,0.62,0.4
268,MTL0.5,MTL,0,"[0, 1, 0, 0]",True,512,0.5,align=0.62_p=0.7,wv_3d_linear_noisy,0.967336654663086,0.8718593120574951,0.4815745393634841,0.2269681742043551,0.6674500703811646,0.9924623370170592,0.9899497487437184,0.967336654663086,0.62,0.7
269,MTL0.2,MTL,0,"[0, 1, 0, 0]",True,512,0.2,align=0.62_p=0.7,wv_3d_linear_noisy,0.9723618030548096,0.9045225977897644,0.5104690117252931,0.32537688442211055,0.6730904579162598,0.9949748516082764,0.992462311557789,0.9723618030548096,0.62,0.7
270,TN,TN,0,"[0, 1, 0, 0]",False,512,0.0,align=0.62_p=0.6,wv_3d_linear_noisy,0.9145728349685668,0.876884400844574,0.4505862646566164,0.432998324958124,0.49133333563804626,0.5025125741958618,0.942211055276382,0.9145728349685668,0.62,0.6
271,MTL0.5,MTL,1,"[0, 1, 0, 0]",True,512,0.5,align=0.62_p=0.6,wv_3d_linear_noisy,0.8316583037376404,0.9422110319137572,0.5464824120603015,0.611390284757119,0.6740068197250366,0.984924614429474,0.9899497487437184,0.8316583037376404,0.62,0.6
272,MTL0.8,MTL,1,"[0, 1, 0, 0]",True,512,0.8,align=0.62_p=0.6,wv_3d_linear_noisy,0.9145728349685668,0.8994975090026855,0.5502512562814069,0.4681742043551089,0.6624290347099304,0.9648241400718688,0.9798994974874372,0.9145728349685668,0.62,0.6
273,TN,TN,2,"[0, 1, 0, 0]",True,512,0.0,align=0.62_p=0.5,wv_3d_linear_noisy,0.8542713522911072,0.9648241400718688,0.5477386934673367,0.6855108877721943,0.6757059693336487,0.44723618030548096,0.992462311557789,0.8542713522911072,0.62,0.5
274,MTL0.5,MTL,1,"[0, 1, 0, 0]",True,512,0.5,align=0.62_p=0.5,wv_3d_linear_noisy,0.9070351719856262,0.9145728349685668,0.507537688442211,0.6105527638190954,0.667637825012207,0.9874371886253356,0.9874371859296482,0.9070351719856262,0.62,0.5
275,MTL0.8,MTL,0,"[0, 1, 0, 0]",False,512,0.8,align=0.62_p=0.6,wv_3d_linear_noisy,0.8944723606109619,0.8994975090026855,0.5171691792294807,0.37479061976549416,0.5006666779518127,0.9899497628211976,0.992462311557789,0.8944723606109619,0.62,0.6
276,MTL0.2,MTL,1,"[0, 1, 0, 0]",True,512,0.2,align=0.62_p=0.5,wv_3d_linear_noisy,0.839195966720581,0.9422110319137572,0.4987437185929649,0.6758793969849246,0.662259042263031,0.9748743772506714,0.9798994974874372,0.8366833925247192,0.62,0.5
277,MTL0.8,MTL,1,"[0, 1, 0, 0]",False,512,0.8,align=0.62_p=0.4,wv_3d_linear_noisy,0.7587939500808716,0.9723618030548096,0.6494974874371859,0.740787269681742,0.5288333296775818,0.9723618030548096,0.9824120603015076,0.7562814354896545,0.62,0.4
278,MTL0.2,MTL,1,"[0, 1, 0, 0]",False,512,0.2,align=0.62_p=0.5,wv_3d_linear_noisy,0.7688442468643188,0.929648220539093,0.4920435510887772,0.7206867671691791,0.4989999830722809,0.9522613286972046,0.9623115577889448,0.7613065242767334,0.62,0.5
279,MTL0.5,MTL,1,"[0, 1, 0, 0]",False,512,0.5,align=0.62_p=0.4,wv_3d_linear_noisy,0.7889447212219238,0.9949748516082764,0.6427973199329983,0.8186767169179229,0.5456666350364685,0.9949748516082764,0.992462311557789,0.7889447212219238,0.62,0.4
280,MTL0.2,MTL,1,"[0, 1, 0, 0]",False,512,0.2,align=0.62_p=0.4,wv_3d_linear_noisy,0.7311557531356812,0.9547738432884216,0.611390284757119,0.8609715242881073,0.5515000224113464,0.9547738432884216,0.9773869346733668,0.7261306643486023,0.62,0.4
281,TN,TN,1,"[0, 1, 0, 0]",False,512,0.0,align=0.62_p=0.4,wv_3d_linear_noisy,0.7185929417610168,0.967336654663086,0.6369346733668342,0.8798157453936349,0.5663333535194397,0.5025125741958618,0.9673366834170856,0.7185929417610168,0.62,0.4
282,MTL0.5,MTL,0,"[0, 1, 0, 0]",False,512,0.5,align=0.62_p=0.6,wv_3d_linear_noisy,0.8341708779335022,0.876884400844574,0.4422110552763819,0.4501675041876047,0.4933333396911621,0.9924623370170592,0.984924623115578,0.8366833925247192,0.62,0.6
283,MTL0.8,MTL,1,"[0, 1, 0, 0]",True,512,0.8,align=0.62_p=0.5,wv_3d_linear_noisy,0.8492462038993835,0.9396985173225404,0.5690954773869347,0.603433835845896,0.6627073287963867,0.9874371886253356,0.9874371859296482,0.8492462038993835,0.62,0.5
284,MTL0.5,MTL,2,"[0, 1, 0, 0]",True,512,0.5,align=0.62_p=0.4,wv_3d_linear_noisy,0.8994975090026855,0.9874371886253356,0.6084589614740369,0.6984924623115578,0.7095227837562561,0.9899497628211976,0.9874371859296482,0.8994975090026855,0.62,0.4
285,MTL0.8,MTL,1,"[0, 1, 0, 0]",True,512,0.8,align=0.62_p=0.4,wv_3d_linear_noisy,0.9346733689308168,0.9723618030548096,0.6105527638190954,0.41876046901172526,0.7060361504554749,0.984924614429474,0.9874371859296482,0.9346733689308168,0.62,0.4
286,TN,TN,0,"[0, 1, 0, 0]",True,512,0.0,align=0.62_p=0.6,wv_3d_linear_noisy,0.8718593120574951,0.8819095492362976,0.4970686767169179,0.6666666666666666,0.6719636917114258,0.5025125741958618,0.9899497487437184,0.8718593120574951,0.62,0.6
287,MTL0.2,MTL,0,"[0, 1, 0, 0]",False,512,0.2,align=0.62_p=0.6,wv_3d_linear_noisy,0.8517587780952454,0.8542713522911072,0.4501675041876047,0.4568676716917923,0.4975000023841858,0.9597989916801452,0.984924623115578,0.8442211151123047,0.62,0.6
288,TN,TN,1,"[0, 1, 0, 0]",True,512,0.0,align=0.62_p=0.5,wv_3d_linear_noisy,0.8592965006828308,0.9371859431266784,0.5393634840871021,0.5804020100502513,0.6669654846191406,0.5025125741958618,0.9874371859296482,0.8592965006828308,0.62,0.5
289,MTL0.2,MTL,0,"[0, 1, 0, 0]",True,512,0.2,align=0.62_p=0.6,wv_3d_linear_noisy,0.8944723606109619,0.856783926486969,0.5046063651591289,0.454355108877722,0.6728717088699341,0.9899497628211976,0.992462311557789,0.8944723606109619,0.62,0.6
290,MTL0.5,MTL,0,"[0, 1, 0, 0]",True,512,0.5,align=0.62_p=0.6,wv_3d_linear_noisy,0.947236180305481,0.8718593120574951,0.5050251256281407,0.37311557788944727,0.6717366576194763,0.9949748516082764,0.9899497487437184,0.947236180305481,0.62,0.6
291,MTL0.8,MTL,0,"[0, 1, 0, 0]",True,512,0.8,align=0.62_p=0.6,wv_3d_linear_noisy,0.9070351719856262,0.8618090748786926,0.5607202680067002,0.4639865996649917,0.6615210175514221,0.984924614429474,0.9899497487437184,0.9020100235939026,0.62,0.6
292,TN,TN,0,"[0, 1, 0, 0]",False,512,0.0,align=0.62_p=0.5,wv_3d_linear_noisy,0.7889447212219238,0.9371859431266784,0.5598827470686767,0.6729480737018424,0.48616665601730347,0.5025125741958618,0.9547738693467336,0.7889447212219238,0.62,0.5
293,TN,TN,1,"[0, 1, 0, 0]",True,512,0.0,align=0.62_p=0.4,wv_3d_linear_noisy,0.9497487545013428,0.9899497628211976,0.6277219430485762,0.4673366834170854,0.7005883455276489,0.5025125741958618,0.9899497487437184,0.9497487545013428,0.62,0.4
294,MTL0.8,MTL,0,"[0, 1, 0, 0]",False,512,0.8,align=0.62_p=0.5,wv_3d_linear_noisy,0.8115577697753906,0.9522613286972046,0.5615577889447235,0.614321608040201,0.5,0.979899525642395,0.9899497487437184,0.8090452551841736,0.62,0.5
295,MTL0.5,MTL,0,"[0, 1, 0, 0]",False,512,0.5,align=0.62_p=0.5,wv_3d_linear_noisy,0.8015075325965881,0.9396985173225404,0.5787269681742044,0.666247906197655,0.4996666610240936,0.9698492288589478,0.9824120603015076,0.7939698696136475,0.62,0.5
296,MTL0.5,MTL,0,"[0, 1, 0, 0]",True,512,0.5,align=0.62_p=0.5,wv_3d_linear_noisy,0.9597989916801452,0.9321607947349548,0.5150753768844221,0.342964824120603,0.6788435578346252,0.9874371886253356,0.984924623115578,0.9597989916801452,0.62,0.5
297,MTL0.8,MTL,0,"[0, 1, 0, 0]",True,512,0.8,align=0.62_p=0.5,wv_3d_linear_noisy,0.8492462038993835,0.8919597864151001,0.5297319932998324,0.46566164154103856,0.6705513000488281,0.9924623370170592,0.992462311557789,0.8492462038993835,0.62,0.5
298,TN,TN,0,"[0, 1, 0, 0]",True,512,0.0,align=0.62_p=0.5,wv_3d_linear_noisy,0.9597989916801452,0.9221105575561525,0.52428810720268,0.30988274706867674,0.6660690307617188,0.5025125741958618,0.9899497487437184,0.9597989916801452,0.62,0.5
299,MTL0.2,MTL,0,"[0, 1, 0, 0]",False,512,0.2,align=0.62_p=0.5,wv_3d_linear_noisy,0.8216080665588379,0.9020100235939026,0.5469011725293133,0.6185092127303182,0.4986666738986969,0.9346733689308168,0.9698492462311558,0.8140703439712524,0.62,0.5
300,MTL0.5,MTL,1,"[0, 1, 0, 0]",True,512,0.5,align=0.62_p=0.4,wv_3d_linear_noisy,0.8793969750404358,0.9773869514465332,0.640284757118928,0.7554438860971525,0.7062540650367737,0.984924614429474,0.9824120603015076,0.8793969750404358,0.62,0.4
301,MTL0.2,MTL,0,"[0, 1, 0, 0]",True,512,0.2,align=0.62_p=0.5,wv_3d_linear_noisy,0.8693467378616333,0.8919597864151001,0.516750418760469,0.5418760469011725,0.673464834690094,0.9924623370170592,0.9899497487437184,0.8693467378616333,0.62,0.5
302,MTL0.5,MTL,2,"[0, 1, 0, 0]",False,512,0.5,align=0.62_p=0.3,wv_3d_linear_noisy,0.7814070582389832,0.9773869514465332,0.6474036850921273,0.8651591289782244,0.6156666874885559,0.9773869514465332,0.9949748743718592,0.7763819098472595,0.62,0.3
303,MTL0.2,MTL,2,"[0, 1, 0, 0]",False,512,0.2,align=0.62_p=0.3,wv_3d_linear_noisy,0.7110552787780762,0.8844221234321594,0.7085427135678392,0.9154103852596316,0.653333306312561,0.8844221234321594,0.964824120603015,0.6884422302246094,0.62,0.3
304,MTL0.8,MTL,2,"[0, 1, 0, 0]",False,512,0.8,align=0.62_p=0.3,wv_3d_linear_noisy,0.7763819098472595,0.9924623370170592,0.6377721943048575,0.8463149078726969,0.5978333353996277,0.9924623370170592,0.9949748743718592,0.7763819098472595,0.62,0.3
305,MTL0.2,MTL,2,"[0, 1, 0, 0]",False,512,0.2,align=0.62_p=0.1,wv_3d_linear_noisy,0.6407034993171692,0.9145728349685668,0.7508375209380235,0.9355108877721944,0.85916668176651,0.9145728349685668,0.9723618090452262,0.6256281137466431,0.62,0.1
306,TN,TN,0,"[0, 1, 0, 0]",False,512,0.0,align=0.62_p=0.4,wv_3d_linear_noisy,0.6683416962623596,0.9698492288589478,0.6917922948073701,0.9011725293132328,0.5643333196640015,0.5025125741958618,0.9698492462311558,0.6683416962623596,0.62,0.4
307,MTL0.8,MTL,0,"[0, 1, 0, 0]",False,512,0.8,align=0.62_p=0.4,wv_3d_linear_noisy,0.7989949584007263,0.9748743772506714,0.6009212730318257,0.6754606365159129,0.5331666469573975,0.984924614429474,0.992462311557789,0.7989949584007263,0.62,0.4
308,TN,TN,2,"[0, 1, 0, 0]",False,512,0.0,align=0.62_p=0.3,wv_3d_linear_noisy,0.6984924674034119,0.9547738432884216,0.7097989949748743,0.9095477386934676,0.659333348274231,0.4974874258041382,0.9547738693467336,0.6984924674034119,0.62,0.3
309,MTL0.5,MTL,0,"[0, 1, 0, 0]",False,512,0.5,align=0.62_p=0.4,wv_3d_linear_noisy,0.7412060499191284,0.979899525642395,0.6139028475711892,0.8119765494137353,0.5451666712760925,0.9874371886253356,0.9874371859296482,0.7437185645103455,0.62,0.4
310,MTL0.2,MTL,0,"[0, 1, 0, 0]",False,512,0.2,align=0.62_p=0.4,wv_3d_linear_noisy,0.8190954923629761,0.927135705947876,0.6612227805695142,0.8056951423785593,0.5559999942779541,0.927135705947876,0.9673366834170856,0.8090452551841736,0.62,0.4
311,TN,TN,0,"[0, 1, 0, 0]",True,512,0.0,align=0.62_p=0.4,wv_3d_linear_noisy,0.9321607947349548,0.9874371886253356,0.6821608040201005,0.7005862646566164,0.6957942843437195,0.5025125741958618,0.9899497487437184,0.9321607947349548,0.62,0.4
312,MTL0.8,MTL,0,"[0, 1, 0, 0]",True,512,0.8,align=0.62_p=0.4,wv_3d_linear_noisy,0.929648220539093,0.9748743772506714,0.6285594639865997,0.6976549413735343,0.7023316621780396,0.982412040233612,0.9798994974874372,0.929648220539093,0.62,0.4
313,MTL0.8,MTL,2,"[0, 1, 0, 0]",True,512,0.8,align=0.62_p=0.3,wv_3d_linear_noisy,0.9045225977897644,0.979899525642395,0.6809045226130653,0.7219430485762145,0.7478485107421875,0.979899525642395,0.9798994974874372,0.9045225977897644,0.62,0.3
314,MTL0.5,MTL,2,"[0, 1, 0, 0]",True,512,0.5,align=0.62_p=0.3,wv_3d_linear_noisy,0.9346733689308168,0.9874371886253356,0.6582914572864321,0.5448073701842545,0.7502151131629944,0.9899497628211976,0.9874371859296482,0.9346733689308168,0.62,0.3
315,MTL0.2,MTL,2,"[0, 1, 0, 0]",True,512,0.2,align=0.62_p=0.1,wv_3d_linear_noisy,0.929648220539093,0.984924614429474,0.7847571189279732,0.6620603015075377,0.8985387682914734,0.984924614429474,0.9899497487437184,0.929648220539093,0.62,0.1
316,MTL0.8,MTL,2,"[0, 1, 0, 0]",True,512,0.8,align=0.62_p=0.1,wv_3d_linear_noisy,0.8442211151123047,0.9874371886253356,0.7617252931323283,0.788107202680067,0.897509753704071,0.9874371886253356,0.9874371859296482,0.8442211151123047,0.62,0.1
317,MTL0.5,MTL,2,"[0, 1, 0, 0]",True,512,0.5,align=0.62_p=0.1,wv_3d_linear_noisy,0.876884400844574,0.979899525642395,0.7939698492462312,0.8626465661641541,0.9010084271430968,0.979899525642395,0.9824120603015076,0.8793969750404358,0.62,0.1
318,MTL0.2,MTL,2,"[0, 1, 0, 0]",True,512,0.2,align=0.62_p=0.4,wv_3d_linear_noisy,0.9422110319137572,0.982412040233612,0.6637353433835846,0.4484924623115578,0.7056003212928772,0.9874371886253356,0.9899497487437184,0.9396985173225404,0.62,0.4
319,TN,TN,2,"[0, 1, 0, 0]",True,512,0.0,align=0.62_p=0.3,wv_3d_linear_noisy,0.9195979833602904,0.9899497628211976,0.6348408710217756,0.6608040201005024,0.753227174282074,0.4974874258041382,0.9899497487437184,0.9195979833602904,0.62,0.3
320,MTL0.5,MTL,0,"[0, 1, 0, 0]",True,512,0.5,align=0.62_p=0.4,wv_3d_linear_noisy,0.8919597864151001,0.984924614429474,0.6302345058626465,0.6884422110552765,0.7045108079910278,0.984924614429474,0.9874371859296482,0.8919597864151001,0.62,0.4
321,TN,TN,2,"[0, 1, 0, 0]",True,512,0.0,align=0.62_p=0.1,wv_3d_linear_noisy,0.856783926486969,0.982412040233612,0.771356783919598,0.8789782244556115,0.9005968570709229,0.4899497628211975,0.9824120603015076,0.856783926486969,0.62,0.1
322,MTL0.8,MTL,2,"[0, 1, 0, 0]",False,512,0.8,align=0.62_p=0.2,wv_3d_linear_noisy,0.6381909251213074,0.9874371886253356,0.6943048576214405,0.9112227805695142,0.6969999670982361,0.9874371886253356,0.984924623115578,0.6381909251213074,0.62,0.2
323,MTL0.5,MTL,2,"[0, 1, 0, 0]",False,512,0.5,align=0.62_p=0.2,wv_3d_linear_noisy,0.7236180901527405,0.984924614429474,0.7198492462311559,0.9099664991624792,0.7088333368301392,0.984924614429474,0.9899497487437184,0.7261306643486023,0.62,0.2
324,MTL0.8,MTL,2,"[0, 1, 0, 0]",False,512,0.8,align=0.62_p=0.1,wv_3d_linear_noisy,0.6281406879425049,0.984924614429474,0.7152428810720268,0.926716917922948,0.8169999718666077,0.984924614429474,0.9899497487437184,0.6281406879425049,0.62,0.1
325,MTL0.5,MTL,2,"[0, 1, 0, 0]",False,512,0.5,align=0.62_p=0.1,wv_3d_linear_noisy,0.6733668446540833,0.984924614429474,0.7365996649916248,0.9229480737018424,0.8286666870117188,0.984924614429474,0.984924623115578,0.6733668446540833,0.62,0.1
326,MTL0.2,MTL,2,"[0, 1, 0, 0]",False,512,0.2,align=0.62_p=0.2,wv_3d_linear_noisy,0.6407034993171692,0.929648220539093,0.7236180904522613,0.9409547738693466,0.746666669845581,0.929648220539093,0.9773869346733668,0.6306532621383667,0.62,0.2
327,TN,TN,2,"[0, 1, 0, 0]",False,512,0.0,align=0.62_p=0.2,wv_3d_linear_noisy,0.590452253818512,0.929648220539093,0.7491624790619765,0.948073701842546,0.7648333311080933,0.4974874258041382,0.9296482412060302,0.590452253818512,0.62,0.2
328,TN,TN,2,"[0, 1, 0, 0]",False,512,0.0,align=0.62_p=0.1,wv_3d_linear_noisy,0.5502512454986572,0.9321607947349548,0.8174204355108877,0.9673366834170856,0.8679999709129333,0.4974874258041382,0.9321608040201004,0.5502512454986572,0.62,0.1
329,MTL0.2,MTL,2,"[0, 1, 0, 0]",True,512,0.2,align=0.62_p=0.2,wv_3d_linear_noisy,0.9346733689308168,0.9949748516082764,0.707286432160804,0.7432998324958126,0.8288611769676208,0.9949748516082764,0.984924623115578,0.9396985173225404,0.62,0.2
330,MTL0.2,MTL,2,"[0, 1, 0, 0]",True,512,0.2,align=0.62_p=0.3,wv_3d_linear_noisy,0.8994975090026855,0.982412040233612,0.6708542713567839,0.568676716917923,0.7534423470497131,0.982412040233612,0.9874371859296482,0.9045225977897644,0.62,0.3
331,MTL0.5,MTL,2,"[0, 1, 0, 0]",True,512,0.5,align=0.62_p=0.2,wv_3d_linear_noisy,0.8793969750404358,0.982412040233612,0.7118927973199329,0.5682579564489112,0.8280160427093506,0.982412040233612,0.9899497487437184,0.8819095492362976,0.62,0.2
332,MTL0.8,MTL,2,"[0, 1, 0, 0]",True,512,0.8,align=0.62_p=0.2,wv_3d_linear_noisy,0.8819095492362976,0.982412040233612,0.7056113902847572,0.7998324958123953,0.8185083866119385,0.982412040233612,0.984924623115578,0.8819095492362976,0.62,0.2
333,MTL0.5,MTL,1,"[0, 1, 0, 0]",False,512,0.5,align=0.62_p=0.3,wv_3d_linear_noisy,0.6859296560287476,0.9874371886253356,0.6880234505862647,0.8911222780569514,0.6044999957084656,0.9874371886253356,0.9874371859296482,0.6859296560287476,0.62,0.3
334,MTL0.8,MTL,1,"[0, 1, 0, 0]",False,512,0.8,align=0.62_p=0.3,wv_3d_linear_noisy,0.7035176157951355,0.984924614429474,0.6256281407035176,0.8597152428810722,0.5868332982063293,0.984924614429474,0.984924623115578,0.7010050415992737,0.62,0.3
335,MTL0.2,MTL,1,"[0, 1, 0, 0]",False,512,0.2,align=0.62_p=0.3,wv_3d_linear_noisy,0.6507537961006165,0.9497487545013428,0.6972361809045227,0.9392797319932998,0.6340000033378601,0.9497487545013428,0.9798994974874372,0.6356784105300903,0.62,0.3
336,TN,TN,2,"[0, 1, 0, 0]",True,512,0.0,align=0.62_p=0.2,wv_3d_linear_noisy,0.8417085409164429,0.982412040233612,0.719430485762144,0.7981574539363484,0.8182970881462097,0.32914572954177856,0.9824120603015076,0.8417085409164429,0.62,0.2
337,MTL0.2,MTL,1,"[0, 1, 0, 0]",False,512,0.2,align=0.62_p=0.1,wv_3d_linear_noisy,0.590452253818512,0.927135705947876,0.7671691792294807,0.9501675041876048,0.8688333034515381,0.927135705947876,0.9623115577889448,0.570351779460907,0.62,0.1
338,TN,TN,1,"[0, 1, 0, 0]",False,512,0.0,align=0.62_p=0.3,wv_3d_linear_noisy,0.6633166074752808,0.9572864174842834,0.7173366834170855,0.9279731993299832,0.6708333492279053,0.5025125741958618,0.957286432160804,0.6633166074752808,0.62,0.3
339,MTL0.5,MTL,1,"[0, 1, 0, 0]",True,512,0.5,align=0.62_p=0.3,wv_3d_linear_noisy,0.9045225977897644,0.9899497628211976,0.6700167504187604,0.6775544388609714,0.7609724402427673,0.9899497628211976,0.9899497487437184,0.9020100235939026,0.62,0.3
340,MTL0.8,MTL,1,"[0, 1, 0, 0]",True,512,0.8,align=0.62_p=0.3,wv_3d_linear_noisy,0.9246231317520142,0.967336654663086,0.6896984924623116,0.45938023450586263,0.7545180916786194,0.9698492288589478,0.984924623115578,0.91206032037735,0.62,0.3
341,MTL0.2,MTL,1,"[0, 1, 0, 0]",True,512,0.2,align=0.62_p=0.4,wv_3d_linear_noisy,0.8618090748786926,0.984924614429474,0.6038525963149078,0.6515912897822446,0.7012420892715454,0.982412040233612,0.9874371859296482,0.8618090748786926,0.62,0.4
342,MTL0.2,MTL,1,"[0, 1, 0, 0]",True,512,0.2,align=0.62_p=0.1,wv_3d_linear_noisy,0.8492462038993835,0.9874371886253356,0.7763819095477388,0.8848408710217756,0.9065651297569276,0.9874371886253356,0.984924623115578,0.8467336893081665,0.62,0.1
343,MTL0.8,MTL,1,"[0, 1, 0, 0]",True,512,0.8,align=0.62_p=0.1,wv_3d_linear_noisy,0.8819095492362976,0.9698492288589478,0.7340871021775545,0.7596314907872697,0.8880428075790405,0.9698492288589478,0.9773869346733668,0.8819095492362976,0.62,0.1
344,MTL0.5,MTL,1,"[0, 1, 0, 0]",True,512,0.5,align=0.62_p=0.1,wv_3d_linear_noisy,0.8718593120574951,0.982412040233612,0.7713567839195979,0.7902010050251257,0.9022432565689088,0.982412040233612,0.9824120603015076,0.8718593120574951,0.62,0.1
345,TN,TN,1,"[0, 1, 0, 0]",True,512,0.0,align=0.62_p=0.3,wv_3d_linear_noisy,0.9070351719856262,0.9874371886253356,0.708961474036851,0.8019262981574539,0.7732357978820801,0.5025125741958618,0.9874371859296482,0.9070351719856262,0.62,0.3
346,TN,TN,1,"[0, 1, 0, 0]",True,512,0.0,align=0.62_p=0.1,wv_3d_linear_noisy,0.8417085409164429,0.9899497628211976,0.7839195979899497,0.8622278056951423,0.9104753732681274,0.5025125741958618,0.9899497487437184,0.8417085409164429,0.62,0.1
347,MTL0.8,MTL,1,"[0, 1, 0, 0]",False,512,0.8,align=0.62_p=0.2,wv_3d_linear_noisy,0.6381909251213074,0.9899497628211976,0.6712730318257956,0.9371859296482412,0.7083333134651184,0.9899497628211976,0.9874371859296482,0.6381909251213074,0.62,0.2
348,MTL0.5,MTL,1,"[0, 1, 0, 0]",False,512,0.5,align=0.62_p=0.2,wv_3d_linear_noisy,0.6658291220664978,0.9723618030548096,0.7102177554438861,0.9405360134003348,0.7261666655540466,0.9723618030548096,0.9899497487437184,0.6633166074752808,0.62,0.2
349,MTL0.5,MTL,1,"[0, 1, 0, 0]",False,512,0.5,align=0.62_p=0.1,wv_3d_linear_noisy,0.6306532621383667,0.982412040233612,0.7479061976549414,0.9363484087102176,0.840499997138977,0.982412040233612,0.984924623115578,0.6306532621383667,0.62,0.1
350,MTL0.8,MTL,1,"[0, 1, 0, 0]",False,512,0.8,align=0.62_p=0.1,wv_3d_linear_noisy,0.6080402135848999,0.9974874258041382,0.7491624790619765,0.9434673366834172,0.831333339214325,0.9974874258041382,0.9974874371859296,0.6080402135848999,0.62,0.1
351,MTL0.2,MTL,1,"[0, 1, 0, 0]",False,512,0.2,align=0.62_p=0.2,wv_3d_linear_noisy,0.6155778765678406,0.8819095492362976,0.7336683417085427,0.9463986599664992,0.7459999918937683,0.8819095492362976,0.9773869346733668,0.5954774022102356,0.62,0.2
352,TN,TN,1,"[0, 1, 0, 0]",False,512,0.0,align=0.62_p=0.2,wv_3d_linear_noisy,0.5829145908355713,0.9497487545013428,0.7730318257956449,0.9556113902847572,0.765500009059906,0.5025125741958618,0.949748743718593,0.5829145908355713,0.62,0.2
353,TN,TN,1,"[0, 1, 0, 0]",False,512,0.0,align=0.62_p=0.1,wv_3d_linear_noisy,0.4673366844654083,0.9497487545013428,0.8241206030150753,0.972780569514238,0.8790000081062317,0.5025125741958618,0.949748743718593,0.4673366844654083,0.62,0.1
354,MTL0.2,MTL,1,"[0, 1, 0, 0]",True,512,0.2,align=0.62_p=0.3,wv_3d_linear_noisy,0.8366833925247192,0.979899525642395,0.6901172529313233,0.8044388609715242,0.7717297673225403,0.979899525642395,0.984924623115578,0.8366833925247192,0.62,0.3
355,MTL0.2,MTL,1,"[0, 1, 0, 0]",True,512,0.2,align=0.62_p=0.2,wv_3d_linear_noisy,0.7613065242767334,0.9698492288589478,0.7156616415410385,0.8626465661641541,0.8218888640403748,0.9698492288589478,0.9824120603015076,0.7587939500808716,0.62,0.2
356,MTL0.8,MTL,1,"[0, 1, 0, 0]",True,512,0.8,align=0.62_p=0.2,wv_3d_linear_noisy,0.876884400844574,0.982412040233612,0.6896984924623114,0.7353433835845896,0.821466326713562,0.982412040233612,0.9824120603015076,0.876884400844574,0.62,0.2
357,MTL0.5,MTL,1,"[0, 1, 0, 0]",True,512,0.5,align=0.62_p=0.2,wv_3d_linear_noisy,0.8467336893081665,0.9874371886253356,0.7223618090452262,0.8048576214405361,0.8322417140007019,0.9874371886253356,0.9899497487437184,0.8467336893081665,0.62,0.2
358,TN,TN,1,"[0, 1, 0, 0]",True,512,0.0,align=0.62_p=0.2,wv_3d_linear_noisy,0.7462311387062073,0.982412040233612,0.7018425460636516,0.8785594639865998,0.8182970881462097,0.5025125741958618,0.9824120603015076,0.7462311387062073,0.62,0.2
359,MTL0.8,MTL,0,"[0, 1, 0, 0]",True,512,0.8,align=0.62_p=0.3,wv_3d_linear_noisy,0.8417085409164429,0.982412040233612,0.6335845896147404,0.6193467336683417,0.7547332048416138,0.984924614429474,0.984924623115578,0.8417085409164429,0.62,0.3
360,MTL0.5,MTL,0,"[0, 1, 0, 0]",True,512,0.5,align=0.62_p=0.3,wv_3d_linear_noisy,0.9221105575561525,0.9949748516082764,0.6595477386934674,0.6658291457286432,0.7609724402427673,0.9949748516082764,0.9974874371859296,0.9221105575561525,0.62,0.3
361,TN,TN,0,"[0, 1, 0, 0]",True,512,0.0,align=0.62_p=0.3,wv_3d_linear_noisy,0.9547738432884216,0.984924614429474,0.6917922948073701,0.388609715242881,0.7551634907722473,0.5025125741958618,0.984924623115578,0.9547738432884216,0.62,0.3
362,MTL0.2,MTL,0,"[0, 1, 0, 0]",False,512,0.2,align=0.62_p=0.3,wv_3d_linear_noisy,0.7236180901527405,0.9195979833602904,0.687604690117253,0.9124790619765496,0.6513333320617676,0.9195979833602904,0.9723618090452262,0.7010050415992737,0.62,0.3
363,TN,TN,0,"[0, 1, 0, 0]",False,512,0.0,align=0.62_p=0.3,wv_3d_linear_noisy,0.6356784105300903,0.9547738432884216,0.7068676716917923,0.9262981574539364,0.671833336353302,0.5025125741958618,0.9547738693467336,0.6356784105300903,0.62,0.3
364,MTL0.5,MTL,0,"[0, 1, 0, 0]",False,512,0.5,align=0.62_p=0.3,wv_3d_linear_noisy,0.7688442468643188,0.9648241400718688,0.6486599664991625,0.7650753768844222,0.609499990940094,0.9648241400718688,0.984924623115578,0.7688442468643188,0.62,0.3
365,MTL0.8,MTL,0,"[0, 1, 0, 0]",False,512,0.8,align=0.62_p=0.3,wv_3d_linear_noisy,0.7185929417610168,0.9874371886253356,0.6465661641541038,0.8567839195979899,0.596833348274231,0.9874371886253356,0.992462311557789,0.7160804271697998,0.62,0.3
366,MTL0.2,MTL,0,"[0, 1, 0, 0]",True,512,0.2,align=0.62_p=0.4,wv_3d_linear_noisy,0.8517587780952454,0.982412040233612,0.6386097152428811,0.7688442211055276,0.7060361504554749,0.984924614429474,0.984924623115578,0.8517587780952454,0.62,0.4
367,MTL0.2,MTL,0,"[0, 1, 0, 0]",False,512,0.2,align=0.62_p=0.1,wv_3d_linear_noisy,0.713567852973938,0.967336654663086,0.7948073701842545,0.9430485762144052,0.840833306312561,0.967336654663086,0.9798994974874372,0.7110552787780762,0.62,0.1
368,TN,TN,0,"[0, 1, 0, 0]",False,512,0.0,align=0.62_p=0.2,wv_3d_linear_noisy,0.5854271650314331,0.9572864174842834,0.7412060301507538,0.9556113902847572,0.7559999823570251,0.5025125741958618,0.957286432160804,0.5854271650314331,0.62,0.2
369,MTL0.2,MTL,0,"[0, 1, 0, 0]",True,512,0.2,align=0.62_p=0.3,wv_3d_linear_noisy,0.9145728349685668,0.982412040233612,0.6524288107202679,0.5506700167504187,0.7637693285942078,0.982412040233612,0.9874371859296482,0.9145728349685668,0.62,0.3
370,MTL0.5,MTL,0,"[0, 1, 0, 0]",False,512,0.5,align=0.62_p=0.2,wv_3d_linear_noisy,0.6884422302246094,0.9899497628211976,0.666247906197655,0.914572864321608,0.6851666569709778,0.9899497628211976,0.984924623115578,0.6859296560287476,0.62,0.2
371,MTL0.8,MTL,0,"[0, 1, 0, 0]",False,512,0.8,align=0.62_p=0.2,wv_3d_linear_noisy,0.643216073513031,0.9874371886253356,0.65536013400335,0.920854271356784,0.6729999780654907,0.9874371886253356,0.984924623115578,0.6457286477088928,0.62,0.2
372,MTL0.2,MTL,0,"[0, 1, 0, 0]",True,512,0.2,align=0.62_p=0.1,wv_3d_linear_noisy,0.8819095492362976,0.982412040233612,0.7558626465661642,0.817001675041876,0.8995677828788757,0.982412040233612,0.9824120603015076,0.8793969750404358,0.62,0.1
373,MTL0.5,MTL,0,"[0, 1, 0, 0]",True,512,0.5,align=0.62_p=0.1,wv_3d_linear_noisy,0.8718593120574951,0.979899525642395,0.7340871021775545,0.7939698492462313,0.8935995101928711,0.979899525642395,0.9798994974874372,0.8718593120574951,0.62,0.1
374,TN,TN,0,"[0, 1, 0, 0]",True,512,0.0,align=0.62_p=0.1,wv_3d_linear_noisy,0.8015075325965881,0.9899497628211976,0.7583752093802345,0.8898659966499163,0.8783700466156006,0.5025125741958618,0.9899497487437184,0.8015075325965881,0.62,0.1
375,MTL0.8,MTL,0,"[0, 1, 0, 0]",True,512,0.8,align=0.62_p=0.1,wv_3d_linear_noisy,0.8994975090026855,0.9899497628211976,0.7445561139028477,0.6243718592964824,0.87672358751297,0.9899497628211976,0.9874371859296482,0.8994975090026855,0.62,0.1
376,MTL0.2,MTL,0,"[0, 1, 0, 0]",True,512,0.2,align=0.62_p=0.2,wv_3d_linear_noisy,0.8442211151123047,0.982412040233612,0.7097989949748743,0.6947236180904524,0.8309740424156189,0.982412040233612,0.9874371859296482,0.8417085409164429,0.62,0.2
377,MTL0.8,MTL,0,"[0, 1, 0, 0]",False,512,0.8,align=0.62_p=0.1,wv_3d_linear_noisy,0.643216073513031,0.9899497628211976,0.7278056951423785,0.9262981574539364,0.7986666560173035,0.9899497628211976,0.9874371859296482,0.643216073513031,0.62,0.1
378,MTL0.5,MTL,0,"[0, 1, 0, 0]",False,512,0.5,align=0.62_p=0.1,wv_3d_linear_noisy,0.7261306643486023,0.967336654663086,0.730318257956449,0.913316582914573,0.8090000152587891,0.967336654663086,0.9773869346733668,0.7236180901527405,0.62,0.1
379,TN,TN,0,"[0, 1, 0, 0]",False,512,0.0,align=0.62_p=0.1,wv_3d_linear_noisy,0.5753768682479858,0.9497487545013428,0.8065326633165829,0.963149078726968,0.8733333349227905,0.5025125741958618,0.949748743718593,0.5753768682479858,0.62,0.1
380,TN,TN,0,"[0, 1, 0, 0]",True,512,0.0,align=0.62_p=0.2,wv_3d_linear_noisy,0.856783926486969,0.984924614429474,0.7370184254606365,0.8442211055276383,0.8280160427093506,0.5025125741958618,0.984924623115578,0.856783926486969,0.62,0.2
381,MTL0.8,MTL,0,"[0, 1, 0, 0]",True,512,0.8,align=0.62_p=0.2,wv_3d_linear_noisy,0.856783926486969,0.9924623370170592,0.682998324958124,0.7512562814070352,0.816818118095398,0.9924623370170592,0.992462311557789,0.856783926486969,0.62,0.2
382,MTL0.5,MTL,0,"[0, 1, 0, 0]",True,512,0.5,align=0.62_p=0.2,wv_3d_linear_noisy,0.8492462038993835,0.9773869514465332,0.7077051926298158,0.8379396984924622,0.8259032368659973,0.9773869514465332,0.9773869346733668,0.8492462038993835,0.62,0.2
383,MTL0.2,MTL,0,"[0, 1, 0, 0]",False,512,0.2,align=0.62_p=0.2,wv_3d_linear_noisy,0.6557788848876953,0.9447236061096193,0.7269681742043551,0.9275544388609716,0.7181666493415833,0.9447236061096193,0.984924623115578,0.6482412219047546,0.62,0.2
